"","V1","V2","V3","V4","V5","V6","V7","V8","V9","V10","V11","V12","V13","V14","V15","V16","V17","V18","V19","V20","V21","V22","V23","V24","V25","V26","V27","V28","V29","V30","V31","V32","V33","V34","V35","V36","V37","V38","V39","V40","V41","V42","V43","V44","V45","V46","V47","V48","V49","V50","V51","V52","V53","V54","V55","V56","V57","V58","V59","V60","V61","V62","V63","V64"
"1",0.0010163506867782,0.00101063853532061,0.0010158998796918,0.00101158411036733,0.000976691694552125,0.00102304231719581,0.00107975047195612,0.00104032326955298,0.000989544971136651,0.00099212623213606,0.00100906313923902,0.00104179653610248,0.00102247187727851,0.0010211744214539,0.00102243261476968,0.00103526517036113,0.0010193470000262,0.00100074989159989,0.000997975341372715,0.000999933760054783,0.000998399863306031,0.000995078512301311,0.000987820760663258,0.00096957862015812,0.000981980032084701,0.00101067283075973,0.00105547332095889,0.00103182587173671,0.000996131194554936,0.000978152432832869,0.00101915764391092,0.00103133351920693,0.00103633401480317,0.00101057875686377,0.000991773032357107,0.00128311931855668,0.142015616477231,0.551370951250052,1.13018477489313,1.43601220636157,1.22652744220066,1.07334399907729,2.2942896606292,6.72994585247348,7.75369801533599,6.99240112382493,6.46604757573653,6.31745738657565,5.60282563018766,3.77267167053729,6.83588999028028,8.07632999174601,6.52373180548328,5.46998696697718,1.80958957432987,1.12080946042733,1.26755231662603,1.58363951306586,2.14246827361361,2.35895427795263,0.00214809110416637,0.00112856808807034,0.000855807175434239,0.000989208363821589
"2",0.00100349239214252,0.000998836017631575,0.000996407991419579,0.000997057705203517,0.000992825017546229,0.000988595311874474,0.000990761681449527,0.000995845198686392,0.000986914219270513,0.0010190923878054,0.00108850933486726,0.00109228031464451,0.00100858031146855,0.000979359904848235,0.000978099650951497,0.000988654282657017,0.00101155888707261,0.00101458529738237,0.00100067541328506,0.000999997088448456,0.000999930788376278,0.000998335076936783,0.000994496042852612,0.000999725175956662,0.000999414298966829,0.000991354891278286,0.00102524446135406,0.00104577152842137,0.00103307703684906,0.00102233371444523,0.00101174670535318,0.000998555875685209,0.000993694689956006,0.000965196058808988,0.00477026845108767,0.0900228692334407,0.206675458446712,0.632881975450838,1.38788407075039,1.9321549210257,1.03263736877497,0.6828467797338,1.85119513013177,6.87104283127989,7.83320892546618,7.39094269407618,6.9781211758918,6.53822747587365,5.40958829400414,4.46265471863633,6.13157391724346,7.53943390648843,6.25595863648743,4.02326178061595,1.49112919241259,1.14816980176927,1.20497400380732,1.82352898587285,2.42522962581768,2.4200854656412,0.0012318679470028,0.00133371552724793,0.000916131823508255,0.000868340822003475
"3",0.00106547278404283,0.000993603850827072,0.00103421054501413,0.0010641526583733,0.000996824475682341,0.000996749634037239,0.00101667100027599,0.00104652223047561,0.00106920796592702,0.00108714814298491,0.00103872458411894,0.000993034247549328,0.000985157589280976,0.000992161842137231,0.000987637273306892,0.00101384534906382,0.00109581950159526,0.00103504299015022,0.00101147372882222,0.00100081956322443,0.000999970285331012,0.000996165816885595,0.00101971265384058,0.00101280991950192,0.000980396125734798,0.000986703100659369,0.00104044158464729,0.00112047719981551,0.000992381244161636,0.000971830111365617,0.0010142309013399,0.000997839442631857,0.00100299071860696,0.00102540600822264,0.0305138011530644,0.222190038527665,0.379136939423094,0.97864331207496,1.23308412172198,1.7583183265387,0.981989887317903,0.419223929219191,2.02506741725665,6.03684828658624,7.87109284794601,7.41286268865906,7.25236047457532,6.76491702671709,5.64790508756115,5.5415700456489,7.02134075970318,6.74996107678747,6.07768304659356,2.39128200515737,0.89548194549211,1.02579461060622,1.03376496302887,1.45542369970293,2.28959599787897,0.84794194761515,0.00133614608297042,0.000980083961641718,0.00107151988551441,0.00100820779658501
"4",0.000980921127192192,0.00099199128252362,0.00104477585903154,0.00100518110345469,0.00105662085478403,0.00108657082551716,0.00104292732519988,0.000961012794747163,0.000976511624419827,0.000996685059277881,0.000996038839806352,0.00099110946847057,0.000997817147582486,0.000995720924742315,0.000980806395334247,0.00100621059431724,0.00105231792633544,0.0010287996701782,0.00104561335451502,0.00102954840240909,0.0010001661333483,0.000995815578522788,0.00101531459113878,0.0010344017717392,0.000986426899865178,0.000980632012232964,0.000981147675521353,0.000986658958603777,0.00101205779989921,0.00103842763197971,0.00104076834310181,0.00101321865044421,0.000980179924101152,0.000990122983066186,0.0767771207879062,0.288699091189986,0.530753814685764,1.26222207407003,1.50651476586693,1.40509133978633,0.705266221608591,0.0660455090886731,0.0160236799427248,5.30896517489045,7.85325533512084,7.32086678689516,7.21615222675454,7.05583556369409,6.27900209993999,6.069330635726,7.81140608615229,6.43301137433888,5.37875559290829,2.94775346224743,1.3179331769455,1.20998771443912,1.30477823952935,1.79646136212792,2.15146159639207,0.00392169949703341,0.00137469053630132,0.000870424114268943,0.00134140205502414,0.000951467113451981
"5",0.000990444573291291,0.0010425886303098,0.00100255690429048,0.000996257328319731,0.00100917180837462,0.00101403121384184,0.000988138775803846,0.000981213382839188,0.000984316880217158,0.00100302748539696,0.00100869262550804,0.000998979798392341,0.00099731968599986,0.000991258476868788,0.00098922375714919,0.00102080565628121,0.000994777260723895,0.000986776374989081,0.000992646583382115,0.00104061908841578,0.00100558337342137,0.000999965448503102,0.000996648253273749,0.000992824968927928,0.00102724073713529,0.00101512318740672,0.000967114406922384,0.000980005916816608,0.00105221333292105,0.00106731825006784,0.00103306593872164,0.00099257591799331,0.0105385743763803,0.122896910836005,0.196295951655015,0.474391629027977,1.06129828857092,1.17581366343565,1.26619284065414,1.13624290427938,0.310062069643215,0.000920409487586507,0.0228308903784823,0.229027938108436,7.36489018156495,7.36905454478621,7.2689844943928,7.04260327798757,6.81829102761363,5.47000500499481,8.04579606768178,6.56887109582552,5.677637756375,3.74149601972471,1.61914401082916,1.31906600507966,1.37641007079091,1.86618795269381,1.34482509450248,0.00235253799186048,0.00191519127555362,0.000951041137393784,0.00100238881351605,0.0018701184015016
"6",0.00100855955973679,0.00109430915770186,0.00105403824068129,0.00102331101669027,0.0010035015703245,0.000995227884997512,0.000995733686956702,0.000989819680156112,0.00104823805983776,0.00105777663829974,0.000998673633602582,0.000999788480822385,0.000997329649535027,0.00110467377255159,0.0010351833434247,0.000983711334906907,0.000981596295813203,0.00100508061006903,0.000988549823757454,0.00101683257011434,0.00100105731165787,0.000999987168687189,0.000999855518008603,0.000991932860776923,0.000980860978309418,0.00105190117493035,0.00108096653419312,0.000963448585471299,0.00099114979022065,0.000997655365169835,0.00102136953006053,0.00101428707182534,0.00102828364455276,0.00125280730314981,0.098184589470206,0.572565323851003,1.23260425154925,1.23262045383206,1.23261701518473,1.15186479093461,0.403646950160629,0.000897178881505612,0.00197962379344425,0.217571345868807,5.65179960755725,6.97313766625691,7.21633896075596,7.14713442436926,6.86241062430934,6.65386402953052,8.05307781978433,7.47289090171822,6.33750068875287,4.83420825960071,2.15902891819116,1.46652282815053,1.3719960338275,1.93972078834529,1.3904157640667,0.000236442714117293,0.0013012946614707,0.000963571035671401,0.000939976996132411,0.000873278847786008
"7",0.000988512851456893,0.000982558630975463,0.000967380066599884,0.000998966612908169,0.00111858077094105,0.00104531375801989,0.000997590872762617,0.000979800645479839,0.000979207210892383,0.00102388449093534,0.0010549555433506,0.00101265062075724,0.000997666017788427,0.000993392805895117,0.000995492065734096,0.00099168238705126,0.000992485081853867,0.00103124297292806,0.00103487512634178,0.00100330336747552,0.00100034064496183,0.000999984385590241,0.000997859385393238,0.000996901086260278,0.00108011632284252,0.0010453972102626,0.000983592772238848,0.00103803037283713,0.00102590368405505,0.00101813149966833,0.00102719803298312,0.000995772578739297,0.000981747114267716,0.000959014292032801,0.0512732707011488,0.3201950756825,0.831738422313887,1.23261402555074,1.23261926602203,0.708397920320129,0.279295354336254,0.0709277792646369,0.00202729486257223,0.0901534980508929,0.613365914016987,6.78652099019175,7.15380051940853,7.12270173390512,7.01259369902503,7.09295219246906,7.97751195178344,8.10280888112847,6.38919685571258,6.11271781031964,3.66260223230138,1.80455110281981,1.36050043538031,1.68930093781683,1.42966650783249,0.000121970888685318,0.0011287520208394,0.00101387636113888,0.00100599894079722,0.00127826047207453
"8",0.00100385800493942,0.00102186616878666,0.00098788314215706,0.000979098670777871,0.000986168229386069,0.000998718873982672,0.00101959614067809,0.000999310842638382,0.00100835710175475,0.00107600075587048,0.00106569031936798,0.00101982271901267,0.00100117884352843,0.000999968363352291,0.000999708017110979,0.000988345962957715,0.000990795219745026,0.00100161199408233,0.00100911442110315,0.00101250487781627,0.00100753108120418,0.00100636633937532,0.000999620332704811,0.000995387989564079,0.000982285393822095,0.000971241067294747,0.000990265175189587,0.00102546440086071,0.00106667816302038,0.00105805306248347,0.0010407759420446,0.00099594146772096,0.000993691419287363,0.0208844201457518,0.172947421877384,0.682370435853623,1.1647688354384,1.23261904368929,1.23260219892597,0.999841718818324,0.280197931814352,0.0983723030705955,0.00108427655936327,0.0753343490792465,0.655159878558952,6.59702171275849,7.08881446785626,7.13415893624213,7.08212808945856,7.14285011750262,7.75252746059089,7.9948753174138,7.89217004991075,6.20372868704529,4.84034585704075,2.3092586613543,1.23964576119534,1.76460600206085,1.43993661335476,0.000273231481861516,0.00130725129025716,0.00100265700058401,0.000956054558652049,0.00125374108654842
"9",0.000984011608242322,0.000997624024410928,0.00105284615443403,0.00102511989105255,0.00101081636520391,0.000991589376996807,0.00099026414929491,0.00101813557505792,0.0009822570154281,0.000984459657939945,0.00098895752693872,0.000978555868602964,0.0010137871180749,0.00100176612559284,0.000992442749293264,0.000987440236334435,0.000984072024717796,0.00100535339686255,0.0010509501376965,0.00103502276377085,0.000985487232533964,0.00100372057910083,0.00103269180259431,0.00100099496998439,0.00099892081516385,0.000984541145476289,0.000996706996782842,0.00112435079677844,0.000966079915482182,0.000959933696708818,0.000992221025616117,0.000977841699709133,0.000999388292312631,0.065278183560084,0.239468140956131,0.886212993514533,1.21699132003544,1.26511282261138,1.18859581061202,1.10003802741265,0.23236439351646,0.00100068270710033,0.000940476958051187,0.235972623707331,1.02999976365528,5.81722063789381,6.62243261309476,6.84167289013137,6.98280863927752,7.30392451452327,7.77496718676937,7.80721473245439,7.87950146688236,7.24962228861351,5.58614398374647,2.5476546266375,1.41465837946799,2.29159316006014,1.42497619084427,0.198577224090222,0.00133044899918028,0.000996416301020954,0.000967222171146345,0.000991206529753275
"10",0.00107019213092266,0.000993773394526918,0.000999837021478655,0.001071348182478,0.00100252817026898,0.000989967511838058,0.000998060322419766,0.000981077857165251,0.000989444658664882,0.00099820476516692,0.000997868638768294,0.000978212616881661,0.000996674288894643,0.000991112643626088,0.000979150062316545,0.000991609631682116,0.00100080622645771,0.00106528348134932,0.00099602838849631,0.00103775978018575,0.00102794961416009,0.000969374149611182,0.000988577197557379,0.00102029653745244,0.00100228064103717,0.000995845660326796,0.000992171161471089,0.0010003609146269,0.00105396491467467,0.00105906813495334,0.00101604144968433,0.00100478648935817,0.00207462288560403,0.100472054066636,0.335445541303302,0.755021342815106,0.632522162431695,0.519745241153132,0.715375836777725,0.355669698386078,0.122102336506865,0.000999922324328352,0.000906242336640134,0.114986974350054,0.609781996254667,0.342473976256985,6.37975123619645,6.59644378700863,6.93277246404474,7.19249746283627,7.56260455472927,7.65665523690307,7.71368201138344,8.05432312979328,6.00531959924212,4.22006582385139,1.52479370604312,1.48969348632615,1.50526984027298,1.40748837521432,0.00119796610022279,0.00102827689843538,0.000972558630755656,0.000921706528188226
"11",0.00100808796867381,0.000998689368122943,0.000999841894310389,0.000996391994173812,0.000995234042994351,0.00113883930665757,0.00108319215031956,0.00104753206922989,0.00103898443333008,0.00103638956950764,0.00104987484313562,0.00105877901048596,0.00107824676599778,0.000998167105395501,0.000971253428550958,0.00101637112678628,0.00102129970844345,0.00103231489130783,0.000992664545807939,0.000963848472880416,0.000992531983506238,0.000988536590597931,0.0010051316632294,0.00101629101524409,0.000993814673095583,0.000983679962310607,0.000974352892142937,0.000971560146937531,0.00100071515337797,0.00104264338150484,0.000998316918057378,0.00133643631189144,0.00231550212797867,0.0610246395237159,0.225290154295895,0.303437613242856,0.232605080263841,0.327672560721568,0.823948353306531,0.322707470700521,0.0174115040307927,0.000956754266807373,0.000968726104792619,0.0231667882961259,0.206314489994226,0.552584374786886,4.40209201834078,6.27401931849282,6.50679875565426,7.19019832943427,7.58485804205895,7.62402032991243,7.61200242316591,7.89640206784579,6.92116176224892,5.32108894760678,1.48699007458171,1.06516622680689,1.09550310593539,0.591095827501356,0.000898765925531302,0.0224722810633845,0.00632376332873745,0.00132131944871976
"12",0.00102349719407047,0.000991593557101064,0.0009949114823144,0.00103014212896742,0.00101095911200365,0.000994964429615423,0.00107314206899835,0.0010142065209901,0.000991361992288498,0.00102977171370589,0.00112137036501523,0.00104409295324238,0.00102772064524988,0.00102970738152174,0.00102643681665253,0.00102764405829747,0.00102029979611639,0.00102039452303488,0.0010271831752263,0.000999903420095662,0.0010307265237105,0.00103509222492364,0.0010172790430312,0.000997789199577876,0.00103208794780109,0.001122037284643,0.000993166643667919,0.00102799109007859,0.000996111985985425,0.00101927061574041,0.00100512170197459,0.00137240603752817,0.00205882785672157,0.0465454442377935,0.232721418174312,0.298929627049994,0.48516171647553,0.6912829349908,1.11982853692372,0.548208675356824,0.23010523490431,0.176712418467381,0.00163646733096277,0.000855442341236798,0.379707010362304,0.629262551083408,0.455525940422307,6.12733387924007,6.51199584287112,6.62494865480413,7.48493609227625,7.61677201527288,7.50791310126769,7.77610041221443,8.04635773879322,5.71200731687647,2.86277955654038,1.16703131208377,1.65934988631171,1.19909279348443,0.0218893336733929,0.0594103446881757,0.0543707088830151,0.0408015343411954
"13",0.000997588488041874,0.000991843698185051,0.000981461214663009,0.000991221373324009,0.000989859248223482,0.000990443576536645,0.000986665870955078,0.0010092358185816,0.00100896975820055,0.000974082241027047,0.00099655419814823,0.000998454207438716,0.00101157050352811,0.00100113796684144,0.00100040594571228,0.00100002768723629,0.00100000711725611,0.00100003793096395,0.0010000843869688,0.00100183680779575,0.00100051711694186,0.00100035446387711,0.000998936150644411,0.000997657989726315,0.000991087668943158,0.000987584349401385,0.000978397457193802,0.000995766565562916,0.00103626275493684,0.00104798904464862,0.000997390912721226,0.000980908654338327,0.000976599404341863,0.0356899143731321,0.258583346393026,0.874391143539382,1.21469347396258,1.14474524849355,0.952626279598588,0.504065692979212,0.121946576217012,0.000951832853986366,0.000928261333494003,0.0529520305748385,0.260298083116284,0.351284990791017,0.001086416765899,4.17786349673008,6.34370672140695,7.03666654672519,7.50345431125799,7.62890776318053,7.48689969725431,7.61850593378764,7.96370447602809,6.98571454034608,2.86842028966984,0.720731012803412,0.488781968098787,0.827075742827555,0.00120256912532783,0.0242870850024927,0.0138065814561366,0.00642533100753761
"14",0.00113072114534343,0.000995894167328429,0.000980302600936871,0.00100646687613441,0.00103220158193637,0.00100228323963487,0.000985041988568315,0.00100216389218279,0.0010362047660594,0.00100022073174231,0.00107751607787541,0.00103649565300765,0.00101394684443895,0.00100337421699927,0.000999984272095569,0.000999353874606285,0.000997807606696288,0.000995335936728988,0.000990957868094856,0.000991754796925115,0.000999168377614094,0.000999710526221724,0.000991732306241843,0.000997134721713456,0.00100047635875117,0.00110701820596352,0.00100893602054573,0.000966798644752134,0.000986862328160609,0.00105228238207874,0.00106759264602888,0.0013166671012745,0.183646572342605,0.216630715969628,0.381462887238364,1.02394498446864,1.21440672767016,1.23271879212228,1.23270796557089,1.23272055380517,0.433102969312713,0.170678174901605,0.664756251700563,0.538345883569118,0.538050876568138,0.589967749409719,0.589446288095868,0.00448245339567039,4.55484914050822,6.00974213678469,7.12299456088476,7.55412123007923,7.47628219770774,7.47267143523123,7.73067115230295,7.59704660088239,6.23068157936634,2.4919465766857,0.913157169699364,1.19543463718193,0.48896791100182,0.141209472883427,0.00189496236533646,0.00485927196634347
"15",0.00104598709599369,0.00103863792564553,0.000999299244211531,0.00101829420271959,0.00100767515391809,0.00100000308184475,0.000994706511221859,0.000991021230537369,0.000992461078474126,0.000968720743961845,0.000982682472158671,0.00108416127348834,0.00105303068751904,0.0010121455653266,0.000999853612411395,0.00101683229091576,0.0009998094123264,0.000997773448443744,0.00105438769933294,0.0010240973010032,0.000974872982916613,0.000981258997781236,0.000976910061347976,0.00104285044720517,0.0010163691839268,0.000968012732843551,0.000973691700368959,0.000995424044698216,0.00103722202635622,0.00098665635456299,0.000995465743544506,0.0674798214850206,0.202057157801837,0.232728667987231,0.232721374689249,0.742016449138626,1.21785447241088,1.23271210938596,1.23271140338706,1.23272365271266,1.23274753365619,1.23274188046047,1.23279859978817,0.598459410764065,0.589111524216669,0.589261133374945,0.589245291977227,0.36007774720927,2.69133962195769,4.94046036213636,5.88856242527221,6.48807081614728,7.03287093430471,6.93826134478118,7.35121846637552,7.63718425974661,7.57858111811846,5.92921015177741,0.553080009554951,0.47810404108655,0.00185925913581697,0.0447652376049566,0.0122191166727804,0.0170198300527371
"16",0.00103071742160064,0.00100477363053511,0.00100113092035327,0.000998976662514709,0.000999912992048646,0.00100020634838616,0.00100563934375461,0.00101284115715098,0.00101770580036494,0.000983797334733019,0.00098560120565798,0.000999466102139248,0.00098944325597698,0.00101354250890455,0.00105956239384289,0.00107876778673701,0.000998367972556162,0.000978279601144083,0.000994911261388575,0.0011079725220345,0.00113982692608404,0.00104691380821374,0.00104228055321342,0.0011149880192301,0.00099068897378266,0.000985296391479461,0.00101557938550764,0.00101935363083215,0.00100474263792511,0.000985869022446386,0.000980760885376508,0.0208882837096083,0.10662463813977,0.225948996223506,0.735853293955988,1.23273476072185,1.23271289054925,1.23271847170503,1.2327226750496,1.23272999388891,1.23273751621675,1.39656775765557,1.54146631686257,0.59777835452065,0.588943153350982,0.589063580208768,0.589092096720002,0.589109060487531,0.00478372778590476,3.74127647314135,5.43343855292476,5.84718442132919,6.28863216541203,6.27163038515955,6.99695835096952,7.61841322753,7.89458139188366,7.94726663611451,7.99956997912783,3.4295637374597,0.379656900314816,0.141993613274085,0.00901117885038283,0.104857571052312
"17",0.000998115907434244,0.000998075000251484,0.000991598956015898,0.00100467642267389,0.000989056953801934,0.000989046358265072,0.000995733448492618,0.000979288656005235,0.000979769823283606,0.00100412586037976,0.00101344775256158,0.00100193968408163,0.000965040228430258,0.000979366982161677,0.00101436033371091,0.00103660003964266,0.00104836383574609,0.00108429693713131,0.00115137232825704,0.00099517993354983,0.000956854614632423,0.000976813200513701,0.000990065928690776,0.00105831732463118,0.00102144385969773,0.00101809797450855,0.00101631268447826,0.000999615229685113,0.000993685516387764,0.00102258389068546,0.0783442235229587,0.204284666064137,0.247448875389749,0.373468771841345,0.955316055445412,0.961246844490508,0.636358646249075,0.726566338404544,1.01139819360954,1.09424066302792,1.23273349146665,1.31191053784738,0.906995979544408,0.589553044848638,0.554831585112075,0.0968703317607148,0.446091892592222,0.589092820924812,0.00320325816382948,0.0172465899177901,4.84492913473558,5.10995667240181,5.74497381237168,6.21205386182995,6.70147531984309,7.64278498377474,7.89995762834508,8.00831702072854,8.57993784387883,9.29568337651783,6.98399588929531,3.21669891982698,0.00633127399307019,0.0583853130240087
"18",0.00100201293415179,0.000993322519226406,0.000997037758181543,0.00108663704079428,0.00109359481261933,0.00104461754481681,0.000989283676191132,0.00105558798115246,0.00105805470408811,0.000996773100348507,0.0010062640593558,0.00103564131732475,0.00101452716543146,0.00102879548443801,0.00102696405772913,0.00100875471399792,0.001018554272971,0.00101046845948227,0.000997494949764862,0.00103977923665246,0.00104811165893444,0.00109762756455096,0.000996136781171841,0.00100039953347523,0.00100906147149694,0.00100042986890932,0.00100001107057213,0.000999773731426919,0.000988385911305092,0.00760562505756735,0.15899929635102,0.2325383731738,0.463501560034247,0.839228570513085,0.600173571638996,0.695409323660409,0.318497330005433,0.328347859312214,0.656555712293414,0.94406749783533,1.03099978732003,1.23274605787827,0.507396937104084,0.546963451351467,0.344674789281693,0.449538060499843,0.693937219209812,0.758929044212626,0.85969924791996,0.00158025415735291,2.97542835007036,4.82369980163545,5.1801264427401,5.66868655137871,6.43009964551425,6.96298368103224,7.86672900223062,7.99442402821183,8.31175193465605,8.92270913685249,9.43268604295163,6.11949061848455,1.75132758304527,0.0756427042027587
"19",0.000976271333223809,0.00103334678696275,0.00105987161764058,0.00103317469515982,0.00097248204498008,0.0010445302013963,0.0010364169695733,0.000999506024263478,0.000984949825997352,0.000987113768141688,0.000982935197609369,0.000946732274060062,0.000952941962806699,0.000977268383454671,0.000973173974135921,0.000980993738442971,0.000985049015176842,0.000996464299598646,0.000990580491767397,0.000985056955785125,0.000982941683618083,0.00105339976446364,0.00104132802590502,0.00100199181499427,0.00100013437746937,0.000999948134789608,0.000998793202527854,0.0009965533272632,0.000985127379785717,0.120407564351195,0.183163707401387,0.248669860862058,0.731930835786049,1.04595214863884,1.03121441720197,0.993123179436471,1.04366012230777,1.22351599376872,1.17515430695082,0.650299687189766,0.301268816919187,0.295292044170301,0.00916664588232747,0.0399507858704321,0.000998972265389176,0.064103007432224,0.366303888408382,0.674726070486072,0.640678257909726,0.915978743831614,0.000355559141817576,3.33046962972567,4.68901571426041,5.47561931519135,5.9645823183349,6.43240087103699,6.88148911801512,6.61873929102161,7.53327879840521,8.40919763711921,9.07454342255535,8.91932127706221,4.8335975270521,0.00179648728897938
"20",0.000987622920343455,0.000987683424443208,0.000999423566200886,0.000984150758081397,0.00097104831842106,0.000994319375182686,0.000995182431927097,0.000999993162830074,0.00107890860485411,0.00103695387205476,0.000995738094480854,0.000989533737568796,0.00101631663079296,0.000987668304448758,0.000970129647251736,0.000991074564779474,0.000989639063558224,0.00098625849186247,0.000974136636570627,0.000993593754135159,0.000990617844108152,0.000984391541692778,0.00101084023119286,0.000998077843635784,0.000993809089488544,0.000991471851911323,0.000987037873605806,0.000995129282178242,0.0326402253505173,0.188072285387904,0.232473325542209,0.360649059467376,0.531311221767488,0.806180920686803,1.1316412482927,1.22037170690165,1.23249737346373,1.10432448571233,0.602255474702415,0.01536995029565,0.000959174489787181,0.000983785916831194,0.00088573881320556,0.000840723853241044,0.00140429514150772,0.00763111263432153,0.915972553696606,0.396945329261774,0.00563472773777786,0.106644813819792,0.904244251156611,0.000863867118431583,3.19258426118907,4.11808559931805,5.33234931870868,6.19740017296683,6.42199765901698,6.29848779062842,6.60059482892416,7.55237451491592,8.3991646435512,8.36337308791125,8.10223514842251,3.6951787775298
"21",0.00110233816253507,0.00112584661609358,0.00110556877927811,0.00100379116387623,0.00101749669462135,0.00100583740418389,0.00110093347581875,0.00112983254522548,0.0010298640757213,0.000996554025469003,0.00110705297405697,0.00116319162721889,0.00105239384386863,0.00105423246430976,0.00104257144326749,0.000997508606912147,0.000978358195628637,0.000996948119437049,0.000993879906657567,0.000985000989083929,0.001013407073875,0.00100909910075383,0.00103416409455971,0.00103664020517244,0.117601496220353,0.185728924140768,0.168887047382271,0.153617495973253,0.153751025156604,0.227547354928343,0.32099780804894,0.657087913223302,1.13067663605157,1.18836265203639,1.22635174001898,1.30167334086869,1.25524347476315,0.70309805666076,0.34194828254618,0.00237881912012589,0.00104631605304208,0.00118838424713247,0.00130136314625445,0.0015453523625438,0.00135967823464329,0.356506504689808,0.915972885541112,0.915973311074206,0.911906947963406,0.665513395211636,0.719285708011792,0.60702801319031,2.3786146996798,2.93148727476355,3.62277879392056,5.29919031996623,6.37761712644236,7.11950926854322,6.31754961313293,7.2071298755781,7.78078585091211,7.81655354205158,8.14344329188225,6.91883922449317
"22",0.000976524061166296,0.000985744992653531,0.00105502202036878,0.00107726516374017,0.00101540536063555,0.0010646609824033,0.000996127392689974,0.000978938754630563,0.000985695260167838,0.000979907741533386,0.000974353581802569,0.000987311021498333,0.00100053951261918,0.00102915699869344,0.00113668626146028,0.00119081376176027,0.00120460537351437,0.00112483311700847,0.00107834941560435,0.00103642677737978,0.00110448426760285,0.00104687453541618,0.00101561303575783,0.00102484860929936,0.00433423570058749,0.134327792312299,0.232429518522678,0.232426592734509,0.363746771406704,0.627657032034278,0.950864024705114,1.11230668342928,1.23242656354033,1.23248345053867,1.23243480910943,0.946085064732041,0.559244619454614,0.159627179882361,0.0300626333040579,0.00101397600227262,0.00108680281484954,0.000930804875317943,0.00103308115530778,0.00118370763373051,0.000845141171601223,0.915972989529933,0.915972870993129,0.91597299361995,0.91597301888942,0.867364314758685,0.836422287417513,0.791980966426179,0.392527858288533,1.24988825202372,2.5750584142259,3.33354147410304,4.7363333701761,6.39748388405007,6.43174677315579,6.7337098538665,7.34273500551123,7.3301101894069,7.70445241362302,8.08315924382833
"23",0.000985288835519393,0.000991497336873407,0.00101562569267172,0.000999142801528862,0.00099454001904961,0.00110742288613727,0.00105540938292293,0.00100339367769037,0.00099355141297781,0.000997588863124683,0.000992467895466361,0.000979689426446993,0.000965307078089729,0.000968643256710085,0.00097254600541714,0.000977197361285276,0.000990009121146768,0.00098681953412569,0.00103307123361436,0.000997880337630526,0.000974655018110357,0.000979600980890869,0.000996744303509445,0.00100097119281489,0.000998385021783745,0.000992826677335832,0.000989935649010346,0.0404263527518194,0.386470188498388,0.540713415062835,0.844696102478684,1.2133505948255,1.22769931567093,1.12687427303847,0.945353352540136,0.319985833903732,0.101737495496388,0.000979557410752467,0.000980516992258667,0.00102338690538492,0.001077438015328,0.00099525071485943,0.00104816397226096,0.000902854153835399,0.00212292237963745,0.915972956088344,0.915972960317395,0.915972929448689,0.915972979467949,0.915972949197753,0.915972976365033,0.915972948074341,0.915972948074341,0.0863434309251409,2.45981132800388,2.6179444199151,3.12081713060249,4.88092493349851,6.320038656269,6.46885955733881,6.70852706290336,6.98844282058923,7.42449521123409,7.82766618002272
"24",0.000968577404914579,0.00101210065688695,0.000994103044501581,0.000985930818401038,0.000978648081414906,0.000980341577586346,0.000968059921684959,0.000995790725620841,0.000996106697544849,0.000995387979782162,0.00100420498622071,0.00102441410349011,0.00102500772967583,0.00100051965215441,0.00101679736263306,0.00103404398120702,0.00109833385050817,0.00104509271671111,0.000991197152459401,0.000988275672159233,0.00104112001740479,0.00101196977887277,0.000997363646398042,0.000996616756951607,0.000996936460609399,0.000994685156078719,0.00107006976163982,0.0762518486859164,0.226321646307935,0.232329728002225,0.232310352343917,0.487100341468832,0.527287855468597,0.743084803932106,0.721813730644986,0.225431260775504,0.0519935671433186,0.00101695423314569,0.00106111417058182,0.00105389775553515,0.00096303282244314,0.000956648977369841,0.000992487051081567,0.000689011817296382,0.240802821959977,0.915972918275942,0.915972891348147,0.915972927925787,0.915972943509125,0.915972935215585,0.915972942764999,0.915972924551044,0.915972930665388,0.91597290807968,0.000261888613806333,2.1896120571836,2.42140453085495,3.20562151575915,5.97473367242963,6.24975693500891,6.4890153389164,6.89369369069782,7.34310137520815,7.66151752849267
"25",0.00101088529437512,0.00101454642215656,0.001008900797529,0.00100020802663861,0.000987062402834839,0.00112555225413423,0.00103986017535419,0.00109055183409307,0.00108625093201744,0.00106376461233451,0.00104027434004683,0.00105934372208947,0.00103147261824453,0.00103157910329606,0.00103361331644209,0.00101196830502088,0.000995292074022634,0.000989811018258776,0.000990305657703428,0.000983992462996927,0.000981318681019531,0.000971011099269499,0.000970767137624127,0.000993357505549722,0.000999614336378748,0.000988056248401103,0.000993300378433914,0.0269963459348185,0.178021352263453,0.232082253351624,0.231958034150103,0.792378395441901,1.23198782896959,1.1585916310297,0.788000416353043,0.0197139976509939,0.0010397129608295,0.000979404919506339,0.000992188183269145,0.00113472169709064,0.00100729576816982,0.000906588408105856,0.00108454366707535,0.00131344285352664,0.915972854952239,0.915972888469696,0.915972888469696,0.915972888469696,0.915972888469696,0.915972888469696,0.915972901790126,0.915972915836419,0.915972888469696,0.915972888469696,0.884255121335021,1.54305451995274,2.34340304627061,2.48482062497132,4.37296514023703,6.11144912286502,6.11388755170225,6.64137630483086,7.3000575535121,7.50059634503744
"26",0.000968444068488531,0.000977810287925414,0.00102401263746027,0.00103070282768279,0.00097271441770887,0.00118524828389615,0.000999921554877043,0.000999753879596876,0.000989192959649865,0.000996602979931356,0.000987360898994159,0.000990233203356908,0.00104228346695614,0.00102831761583447,0.00101496908037095,0.000993006256967649,0.000998515181230281,0.000998167566691754,0.00101129392276731,0.00100516028074652,0.000994766513498145,0.000994080375840697,0.00107541549770959,0.00100890282814949,0.00100249909937987,0.000979471537242759,0.000991871147914418,0.00099439118078956,0.00518347170958716,0.166408355210779,0.231917015815671,0.285885801599344,0.826415646150891,1.13687852159193,0.582587786387753,0.0804720995831944,0.000983445666986204,0.000973798845340385,0.000985230486604176,0.000967471842782188,0.000896475096510842,0.00147487008118265,0.00107350206567735,0.00206187455270365,0.915972888469696,0.915972888469696,0.915972888469696,0.915972888469696,0.915972888469696,0.915972888469696,0.915972888469696,0.915972888469696,0.915972888469696,0.915972888469696,0.915972888469696,0.618019776674696,2.29344766400158,2.41816018965171,3.46951158686767,5.33606709615985,6.07948840961047,6.53372783688227,7.34518475775208,7.43684568159941
"27",0.000976631113642251,0.000981321098227967,0.000992970781150792,0.00102180467936313,0.00106300807397033,0.00106950626126155,0.000987814678150036,0.000971094839184884,0.000989791486908096,0.00101282786630008,0.00105663892005584,0.00102893136269008,0.000995684232697031,0.000994243299999491,0.000995080538035109,0.00100529686469439,0.00102140986714014,0.000987481492881694,0.000988920078220001,0.00100414789226948,0.000996656334171313,0.000986777358576394,0.00097537470496423,0.000988910283370204,0.000996222734870994,0.000994257650242547,0.000985392194775625,0.00101600114806224,0.0468602660335688,0.189446230904219,0.231537513092865,0.231833533668874,0.795315095201197,1.06583141656038,0.392895103724575,0.0875296531955505,0.000977651391850619,0.000976299726781766,0.000991056449785665,0.000998892973904753,0.00137294162386266,0.0010182391356831,0.000928435138384065,0.00028267090659298,0.915972855422099,0.915972888469696,0.915972885748471,0.915972888004479,0.915972888469696,0.915972888469696,0.915972888469696,0.915972888469696,0.915972888469696,0.915972888469696,0.915972888469696,0.915972833234385,0.11896302262582,2.43087928902989,3.74417369543858,4.99698629239709,5.54041794407767,6.36268575335313,7.39227100113233,7.57604096654205
"28",0.00101129635273231,0.00106967901098576,0.00104961746173153,0.00103169456658916,0.00103433761570409,0.0009890655200851,0.000987354143580247,0.0009928537201483,0.000993914446529566,0.000979905996024053,0.000999501388975656,0.00102535149097801,0.0010347558387443,0.00100936116347837,0.0010081470209547,0.00102945977270533,0.000987436347421112,0.000972810496540476,0.00102463013586957,0.00103621486602731,0.000995205141507686,0.00101596137794916,0.00104260693888142,0.00105048348703488,0.000991461183425998,0.0009906883249359,0.00101401340234497,0.00100043046203673,0.135435185329203,0.230877864340575,0.230919190754837,0.271649297255292,0.411549565746334,0.869391683948311,0.633983912814519,0.155741581737666,0.00103084573673598,0.00101619463975413,0.00109829229600538,0.00130087309249757,0.00099485844034063,0.000995682129988485,0.00121917648409212,0.915972828865051,0.915972828865051,0.915972828865051,0.915972828865051,0.915972828865051,0.915972828865051,0.915972828865051,0.915972828865051,0.915972842862724,0.915972868944942,0.915972888469696,0.915972888469696,0.915561106671672,7.80189726859413e-05,0.00208290146343224,4.6535587603688,4.91288463076171,5.52432991697332,6.09257346949413,7.29696860841305,7.58774520625456
"29",0.000983850496310646,0.000960805752375934,0.00102727637766795,0.00105689512176912,0.000998255193127864,0.000995844202915315,0.000998003070669439,0.000999902800615876,0.000999966528088104,0.000999062157971277,0.000990262213666457,0.000986816940896647,0.00100997948739882,0.00106332572900636,0.00106645162641624,0.00103545507107939,0.000984182782136207,0.000988308494061489,0.0010141371468963,0.00103199373600311,0.000997485963074424,0.000984832324694795,0.00104589569530575,0.00103661165665242,0.001023385357246,0.000985567922950306,0.000987141777839312,0.00100075128454841,0.139507737956106,0.230409310722149,0.229729551395815,0.236302753164766,0.334469196239965,0.435457910798469,0.351444914801222,0.234234685330458,0.0856592002710577,0.00105022966816477,0.000994687191245244,0.0011472662066962,0.00100983682122376,0.00136318533377323,0.00273671010679457,0.915972828865051,0.915972828865051,0.915972828865051,0.915972828865051,0.915972828865051,0.915972828865051,0.915972828865051,0.915972828865051,0.915972828865051,0.546124775518175,0.000322014088934603,0.377843140139185,0.131587730830409,0.00098849618726935,0.00125100609382953,2.61308479024913,4.87492014229488,5.32400875314697,6.01786551651501,7.06746317511422,7.56930043822135
"30",0.00107027055459982,0.0010711159698025,0.000996155444800897,0.00105921094755194,0.000994558117648524,0.000993619867689926,0.001006921599668,0.00102909540242328,0.0010346035922578,0.00102565329206743,0.0010230676164783,0.000999105006566814,0.000988466570574341,0.000988512693787011,0.00103209129565697,0.000995122243350186,0.000985235934627924,0.000982281082920267,0.00101974576189014,0.0010542648964784,0.00100950507596893,0.000994804714564982,0.00098306541285137,0.000980082952469015,0.00104464393850255,0.00100978666388108,0.00099371584125492,0.000998853585245449,0.00103514902090291,0.130859158021397,0.22851950090663,0.46072589708064,0.530267209891738,0.268071162179807,0.231539979577491,0.188043684486891,0.0341187581505754,0.000968187431147028,0.000976700794133819,0.000977614791597187,0.000902238045438121,0.261649847016605,0.158127974520982,0.510270249015084,0.915972828865051,0.915972828865051,0.915972828865051,0.915972828865051,0.915972828865051,0.750670230759189,0.000360456629862275,0.274827136254807,0.188847902067488,0.000931916418241962,0.000849047900575892,0.00104965692967087,0.00089834097863488,0.243889724442581,0.0661025970297367,5.14828763154462,5.62293042126564,5.99348474357832,6.87821883387713,7.51082614781486
"31",0.00103442690377131,0.00106209224031258,0.000983384921469826,0.000989913506796756,0.00100073375570653,0.000995872877916348,0.000988579126592515,0.00106834399116247,0.000994780362198538,0.00097133639825141,0.00100350883905645,0.00102895475960529,0.00100578026720964,0.000997173951570209,0.000996336568419653,0.000996545332491612,0.000994943043020511,0.000999832037574733,0.000999345027586035,0.00104179226344275,0.00103562771060985,0.00100853537144928,0.000990201182332938,0.000987738188999562,0.000998806528692875,0.000997131334119079,0.000996284156503712,0.00110545140357687,0.00194014814811047,0.115674675524914,0.227383047007361,0.2598182359869,0.259130466727912,0.265500938830951,0.343669291091005,0.210200598804283,0.110065590000105,0.000976666280158618,0.000971929928663061,0.000919959130921287,0.0413370314397133,0.190456325733155,0.426761721775201,0.307212645980408,0.000586687583319069,0.842726044975966,0.594196742403868,0.00212555292074933,0.44509778869014,0.000566389291724156,0.000920496746692081,0.00104622702076582,0.0117486207798461,0.206918302280286,0.347597051061034,0.435150966199504,0.451088255119421,0.451076114610485,0.00441115967395688,4.54709122545016,5.56566531508105,5.79452279685813,6.87870407263188,7.61235496599288
"32",0.000988252344121377,0.000998154516200354,0.00108791648014505,0.00101663201668774,0.00103160080016848,0.00106392370877346,0.000989158071433722,0.00109433824059315,0.000987369931242919,0.000991554385700762,0.00105546261101891,0.00103307418140949,0.00102411007389206,0.00101195549200513,0.0010003157231226,0.000999960186517928,0.000999060060705352,0.000996188909288057,0.000988936333593563,0.000991916082277676,0.00100054713176456,0.0010143362158609,0.000995846793519651,0.000993855487058451,0.000999744449699778,0.00100916006391225,0.00099777552649095,0.00100058030814048,0.00103724260416085,0.147779537994559,0.225791837883864,0.225825197287465,0.224372443238538,0.373447263843596,0.553164643425786,0.291502931529518,0.0927797898352449,0.00471172572844915,0.00853848753709384,0.00116575707753735,0.185333074885786,0.528459376842825,0.272325226286819,0.297597557768154,0.380228422966079,0.340001414281149,0.00310046989962979,0.000920975202948887,0.000952665298719757,0.00162507108390416,0.133928678853957,0.415781164082755,0.539542097600543,0.46749525072151,0.451106498094737,0.451109089618454,0.403142702563331,0.342753460951304,0.000470074335839334,4.86203480515138,5.78091838054917,6.23347170336117,7.02099678961309,7.63920249596752
"33",0.000997479626551127,0.000993603820129913,0.0010041270971516,0.00101868848018434,0.000984989130075695,0.00096666206944282,0.000967556626107608,0.000958467882863836,0.000982594100506548,0.00114308547520021,0.00107434926588365,0.000978718544620729,0.00102940988028756,0.00105564232418741,0.00101991040887817,0.00100159346790388,0.00100048019205964,0.000999984661625067,0.000999916597360561,0.000997761011464655,0.000991830612212725,0.000984474937972659,0.000998161331404656,0.000996039769139976,0.000994008362626792,0.0010221793527803,0.000985312274159435,0.000982219827731558,0.000992835585806315,0.0245688444532977,0.14548638197146,0.224000975002703,0.222942661303719,0.222776770795384,0.21899478947417,0.215374787427668,0.20733569927057,0.139734014389808,0.0209632535152729,0.122714663664047,0.316827477390248,0.850845210256054,1.00648186804261,0.558839596027599,0.44717867759604,0.464617772723057,0.382980705173286,0.874827368183361,0.952492846214378,0.918733875923854,0.938618784884752,1.10012724440535,1.50778226184016,1.19453795887309,0.451105025812007,0.451101499706686,0.0220140299981495,0.000695496735595478,0.00119068371761644,5.43278935364271,5.93486903854161,6.5407511049713,6.99337390148481,7.68766860882008
"34",0.00100011425438379,0.000999995355907327,0.000999809551477592,0.00100349126253861,0.00104907070528172,0.0010156644193795,0.00098872702323352,0.00104782382803687,0.00102828897447144,0.000985070362040033,0.000974019255711962,0.00101055931376813,0.00101935541342654,0.00103710447210023,0.00110991529888456,0.00104886932049185,0.00102321111282429,0.00101855381776686,0.00100811452589035,0.00100664223341406,0.000991992516920477,0.000992118972395082,0.00105791045565873,0.000981544884425412,0.00103419512051787,0.00107120164368797,0.000991128815792255,0.000996700465675645,0.000999577839888556,0.00123835737648051,0.00192072178108425,0.0679832698657757,0.130069027830073,0.218907211980474,0.216935237678523,0.208252796818217,0.193186576254752,0.165231514521438,0.0981091527975745,0.284623527954363,1.04853738276244,1.82889029969926,1.92677150680213,1.33472164185736,1.09882413889026,1.21426007527518,1.71743544803561,2.00940303915082,1.10023074379146,1.10012961744287,1.10013173224198,1.10012750430892,1.39406395253835,1.24340728277974,0.43663093192783,0.451105644159626,0.451102399164957,0.443006444169001,0.132562849665145,5.02159978728182,6.25456735626106,6.2399312679485,6.88112269257946,7.6759619273674
"35",0.00100173648265101,0.00100919360152079,0.00102718756181428,0.00104564342262821,0.000986066766910987,0.000974831656202085,0.000979868939725745,0.000992473702023143,0.000993822805846084,0.000994575439897592,0.00099180136681092,0.000989420710925087,0.000982166689880024,0.0010019486957032,0.000991560201424437,0.000985154349136075,0.00104066713910969,0.000967983718435604,0.000981408675659221,0.00100542379238487,0.000992664585921992,0.000994793551330786,0.00101037258858274,0.00101777427937734,0.000988188880436097,0.00100001713505629,0.000985337309160422,0.000995701323415488,0.00100963422136625,0.000999961918734057,0.0113890722734484,0.130682419673856,0.156374914469499,0.216710389402931,0.215275867152613,0.0704356341564817,0.0537964024049348,0.113861969175861,0.462546254446987,0.781390674238179,0.80741479009106,1.26586185555066,1.4105718997991,1.10014230003566,1.10015216171404,1.11473905442105,1.43825276003672,1.76581990000853,1.10012742954884,1.10013491409289,1.10013246497917,1.10012881762934,1.10013150504491,0.806084375983725,0.393733424671145,0.177332138979196,0.267090906790837,0.451094817985188,0.116869490958501,5.23931225237254,6.57199090215989,6.175911935256,6.99999707949956,7.74913646952847
"36",0.00100451059540685,0.00106440101577759,0.00103384023035064,0.000997932775849726,0.00105317009190843,0.00111440548559967,0.00105573860748315,0.000989347915758421,0.000990194599457897,0.00115349878225469,0.00101916471880869,0.000995274958085535,0.000997913713422167,0.000986023183363678,0.000974576659134221,0.00103280922134584,0.00106059754967024,0.00102453937663158,0.00101466686957086,0.00101012522414738,0.000993489356308513,0.000979008790769374,0.000988611673133698,0.000994887744788988,0.000992181652952795,0.00103980332567094,0.000996396005135834,0.000995074153645609,0.00101100720973248,0.00103157562391021,0.00193066121827066,0.0381477939218234,0.0259637327091272,0.159864753448713,0.133246247501463,0.00553627682186141,0.0270367375450993,0.402328682233345,0.737519893747701,0.950810763905688,1.08431614800839,1.10013429116219,1.10036360057777,1.10006783566746,1.10009230396941,1.13122583093601,1.71041143327943,1.90135279526034,1.10012879649625,1.10014446544786,1.10013400760549,1.1001339121873,1.10012992527239,0.471514492809722,0.451111623112564,0.297871002793102,0.117326876182582,0.199757951774624,0.138009618123805,5.77325185781481,6.36124599914982,6.25078934773526,6.92364974216847,7.75364069417068
"37",0.00101857613019439,0.000997622600281906,0.000976760732868868,0.000984031518026161,0.000974400182379151,0.000982326044474173,0.00099244570348047,0.000992617179404078,0.00106461696857486,0.00106141181083202,0.000976405799758382,0.00099537904165439,0.000999794136422301,0.000995898691667495,0.000992592441860433,0.000996171539281389,0.00103217390477315,0.00103325262550889,0.00100665542249462,0.00100001059134694,0.00099918804507779,0.000991703628882806,0.000992543312503009,0.00101493470123034,0.000998238180747614,0.0010680078519454,0.00100068859355374,0.000979138906797078,0.000999983142866534,0.00100931517478114,0.00100135821045311,0.00101685970483938,0.00299856710403581,0.00543334302807628,0.0641034878849986,0.0750321156377837,0.235625967187496,0.914244402596678,0.713295576042409,0.862502116901451,1.10031088920291,1.10020084063617,1.10013352228847,1.10011661090938,1.1251019596644,1.49880918354294,1.72112657255217,1.51931723705781,1.100127526818,1.10014091026535,1.10013228217944,1.10014108063055,0.914212860303332,0.451121939246817,0.451122461988947,0.321229379195086,0.385204460434106,0.451089909661679,0.0296279827240901,4.80133673941868,6.72279848364346,6.62373549887384,6.9628664250218,7.71721874350156
"38",0.00103357827179936,0.0010397523339581,0.00102847404089642,0.00106453501904437,0.00106483025667637,0.00106797107028402,0.00102012009401012,0.000991754749944949,0.000986638589161128,0.00102647692496835,0.00101528973900187,0.000995471047232535,0.000999853234745163,0.000999664834163712,0.000980605442477837,0.00097859910357704,0.0010064671071458,0.00104823545282724,0.0010065687583168,0.00100104950793142,0.000999977487717039,0.000999375578415424,0.000987458647378662,0.000991383189907378,0.000999623417648282,0.00100997403980063,0.000993909012908239,0.000998100644217938,0.00101311071684104,0.00104771394146594,0.00103255054917482,0.00099847020920338,0.000982550906321194,0.000985349763599154,0.0259106765567853,0.0897429190058026,0.831507878711326,1.10020067350549,0.766100629380013,0.810150779337497,1.10015545352481,1.10015762861766,1.10015217448525,1.1001539410383,1.10185580481009,1.1016385181002,1.10483472071102,1.16322729334266,1.1001317589328,1.10017187951156,1.10012720378565,1.10013578157426,0.53708587692932,0.451117571375935,0.301446600046961,0.0311955298919342,0.0141452508501598,0.197820626917484,0.00049956960145974,5.8280029972265,7.28093529281853,6.90634027762881,7.16858398023206,7.5942816387017
"39",0.000989001177743606,0.000985842982012791,0.000997306127352365,0.00111055205995247,0.00098082613453087,0.000977023012374249,0.000995936172296081,0.00099521564188378,0.000999473164639942,0.000997957196011256,0.000998884679259453,0.000999936438017506,0.000999900234211704,0.000996213390574073,0.00099549726835332,0.00104697138906735,0.00111114407327382,0.00110352819373099,0.0010430726482306,0.00101676715634209,0.00101824376082367,0.000999339801831155,0.000993599483508154,0.0009825026879366,0.00099322566252583,0.00100744265662709,0.00101617701656338,0.00100598230730579,0.00100489102643652,0.00100416163252344,0.0010289768393094,0.00100066308418937,0.000985088737066805,0.00098415474265645,0.0240789628723637,0.482957064653894,0.918321660202793,1.0374784199146,0.931721903452028,1.04046661352442,1.10005371406815,1.10019202782648,1.10014150065836,1.10016455775656,1.1678717324965,1.26473086267502,1.50045732050158,1.40380455336201,1.12999478975027,1.10014221981138,1.10013472507254,0.99439837267475,0.334319983773356,0.447020033989245,0.356113680669174,0.106551304003781,0.336174445938415,0.111203891522706,4.61127017172322,7.94770440752283,7.5886175531536,7.27227491358322,7.39094160917855,7.51467008011749
"40",0.00100528546866226,0.00110944626432034,0.00102885468895867,0.000996212484749736,0.00100374504873212,0.0011212301422556,0.0010396219195349,0.000992246907170304,0.000999877257917336,0.000999983433411936,0.000999999047303618,0.000999994220500034,0.00099996072617455,0.000998355140828516,0.000991584931389101,0.00098448183244876,0.000978675879052921,0.000977132396398068,0.000980318968329259,0.00099983508848895,0.00104525388361388,0.00102862643932216,0.000989554187009163,0.000977864416933898,0.000989440983194684,0.00099845557532111,0.00100832270537925,0.00100545178311102,0.000999669624136861,0.000997064868693039,0.00104964927894921,0.0010108456291086,0.000987912519377094,0.000980348662367572,0.000998470415231584,0.66666065349589,0.897236053223313,0.46164104746452,0.729917038694119,1.0899789155822,1.10021081712193,1.10017875117209,1.10011459021058,1.10018199474896,1.1683092638037,1.2809727935881,1.14384818664674,1.10016343749345,1.10015504033171,1.10015314293432,1.10015061545434,0.273196575964844,0.18798652328253,0.385696241696495,0.0866331578107443,0.202039476117687,0.282154514147424,2.73074618837192,7.75897073401781,8.15466987662028,7.78247261820821,7.45751785124182,7.43114627474721,7.46954753829852
"41",0.000993013637221706,0.000988928965241631,0.000986186070456508,0.0009840740492556,0.000994561346394667,0.00102164648585342,0.000991016217656238,0.000996371015509455,0.000999931657180444,0.00099999909067027,0.000999999921496015,0.000999999813039679,0.000999996717375846,0.000999918961731812,0.000997448778077017,0.00104056324387079,0.00101029055159605,0.000981148956030068,0.000997650497954498,0.00102033164377345,0.00102940461992361,0.00101457520529363,0.00102095986498229,0.00102895786438197,0.00102339273640026,0.00105634401040875,0.00101482540067366,0.000996712813386926,0.00102390065220856,0.00104816546924979,0.00105514731111983,0.0010246944053563,0.000985884521222548,0.00099127758626891,0.495214210186501,0.939869339423891,1.04884040414804,1.07935321597495,1.3623100921439,1.19026935905363,1.10016934852523,1.10017893900256,1.22462296450435,1.59858926549814,1.15685070219649,1.10016046807819,1.10016341332354,1.10015197505733,1.10016004257778,1.10015770910817,1.04211340663942,0.0425408012225882,0.0779366261705067,0.194752849444565,0.45102740954654,0.39171241829468,3.1547401381652,8.80009723205417,8.65613914871632,8.12631842769654,7.80631688476592,7.63886342320311,7.48150951981377,7.217600446296
"42",0.000999811180184166,0.000999903825944554,0.000999880051045689,0.000999866345411085,0.000998197276686634,0.000999078764383012,0.000999930236163545,0.000999958205179777,0.00099999891088183,0.000999999925886875,0.00100000000558098,0.000999999843170921,0.000999982077331579,0.000999943855053749,0.000995189870064388,0.000998767880268292,0.000997323701247586,0.000989815941749018,0.000990741040046843,0.00097844135909274,0.00101876599304633,0.00108076016019761,0.000994654993366174,0.000996814578815411,0.0010032769892658,0.001019672995067,0.000984679095844684,0.000990612696213747,0.000998537291151508,0.00099629554196214,0.00101271512194476,0.00103355850041526,0.000993741087773127,0.000997537307196867,0.498061111669234,1.09804307738306,1.01826610047647,1.04189308946205,1.10016766482133,1.10017737678231,1.10017047047369,1.10018196498444,1.10015916944185,1.10018621108635,1.18534814897708,1.10016156346789,1.10016409844266,1.10016743241413,1.10015134764359,1.10017209629621,0.288126231520594,0.0353644529013599,0.0764952519680511,0.0173247450915508,0.419893336522327,6.53082538958415e-07,7.5718429514842,8.91499198119341,8.52474720014297,8.16560914870785,7.95375081545811,7.62699986510118,7.65141338856004,6.37422556693372
"43",0.000996868956537608,0.000999958967237126,0.000999985365204143,0.000999992364346383,0.000999997950886833,0.000999999511248381,0.000999999558615805,0.000999999782937165,0.000999999990766543,0.00100000004749745,0.00100000004749745,0.00100000004749745,0.000999999758236926,0.000999994814188408,0.000999956627889016,0.000999073742985221,0.00099990944391449,0.00099989274475396,0.000999849216706223,0.000996639506991424,0.000989271064861163,0.000987468740268354,0.000988743613574221,0.000987873811699528,0.000994982966794623,0.00100612012020127,0.0010097486490376,0.000990719204890975,0.00102135481590125,0.00106654550345976,0.00105073174330204,0.000998867995881466,0.000998944079923112,0.216120407650155,0.798200902594472,1.09957191875443,0.95311859739616,1.09778750001198,1.10019029281918,1.10018964184936,1.10018004381074,1.37340586912696,1.79947446889658,1.17267448757527,1.46893955594282,1.23394890241394,1.10017363075725,1.10015529823844,1.10016779456789,1.08236109885904,0.000861717847187134,0.00385987146722964,0.119063807972777,0.327255706806448,0.110066702060448,4.03050531054974,7.97042588830886,8.81284395761222,8.41773534001412,8.06537085896921,8.03416335054661,7.59604908204914,7.23823430617852,4.27261739221927
"44",0.000996778262964013,0.000999961556396719,0.000999990722885618,0.00100000524429352,0.00100001786437439,0.00100000162557162,0.00100000030079553,0.00100000004749745,0.00100000004749745,0.00100000004749745,0.00100000004749745,0.00100000004749745,0.00100000004749745,0.000999999916806379,0.00099999977010181,0.000999999603770862,0.000999999465778375,0.000999999063950866,0.00099999817449967,0.00099992504893682,0.000999757631853645,0.000988666434697554,0.000974980643373664,0.000991880213363639,0.00101189056703623,0.00104007878859764,0.000989524928788657,0.000962448126317289,0.000967678313932603,0.000990844535488317,0.000994850555804037,0.000982799993324406,0.00106033968830487,0.0147413993200169,0.748013049638474,0.875480347993663,0.661094772502088,1.06880887123902,1.10019068061119,1.10019897811839,1.27205200977634,1.83943942554359,1.39879732851209,1.04767809846172,0.941333874596617,1.03646726744181,1.10017313551704,1.09936615147891,1.0958927617638,0.420043317126128,0.0586783441596415,0.229731362526379,0.43875151792177,0.201703786332529,3.1650860049755,8.14981768253162,8.54316435567262,8.54756009950338,8.42208340558562,8.11342677096778,7.67537174619937,7.59599049607127,5.65195313464494,2.97004125246513
"45",0.000999678298249849,0.0010002034326456,0.00100103625528846,0.00100374712281141,0.00100021150579199,0.00100010568659668,0.0010000024974459,0.00100000107733063,0.00100000004749745,0.00100000010003362,0.00100000013252255,0.00100000013005007,0.00100000015010894,0.00100000026791692,0.00100000027364017,0.00100000004749745,0.00100000004749745,0.000999999958784668,0.0009999997463987,0.000999979839220793,0.000999196695995625,0.000995930761846373,0.000999803549762505,0.000998068812611443,0.000989283161812664,0.00100620792492511,0.00102889899054885,0.00099853652998842,0.0010090661442411,0.00109572941014361,0.0010065348040144,0.000969449759855675,0.000980639158531728,0.284128469475789,0.920344306185417,1.052829170542,0.994474064547681,1.10019572605808,1.10021866976204,1.12089819657833,1.18597567125671,1.13756229882236,1.10018796199764,1.10020204735555,1.05302664432209,1.08355934276793,0.994103374043307,0.57089074580498,1.05004736273695,0.301820888862502,0.303993970589206,0.444954147439208,0.294923791370446,3.26038851248566,8.20688052316806,8.67737817644545,8.42363400753978,8.63046326677259,8.36239898570514,7.99571245847353,7.73126534301791,6.36302022059351,3.78402667977199,2.2816968043706
"46",0.00100609297356222,0.00101794513463753,0.000997762540622647,0.00100323516611318,0.00100874584229425,0.00100169623988278,0.00100007862160543,0.00100000759680615,0.00100000570283415,0.00100000665405906,0.0010000097315574,0.00100001221810408,0.00100005734464479,0.00100010370225627,0.00100000438286863,0.00100000249310053,0.00100000032986979,0.00100000014756845,0.000999999858182227,0.000999999051763393,0.000999953912073018,0.000997777036663902,0.000993318271002398,0.00100035118146544,0.000982819013225585,0.000991692563571184,0.000980936007721776,0.000990455619257891,0.000997114425501205,0.000986348372410358,0.000983952089208498,0.000988455682273727,0.00101854799880649,0.00101126388306246,0.45959674675652,1.10022459164293,1.10023141293261,1.1002374442476,1.10023787459237,1.1002455134114,1.10348609776251,1.10024303114158,1.10022476684212,1.07734432204146,1.07796962296671,1.09610608412947,0.376685082357927,0.409014841721496,0.365604426262043,0.169508934071049,0.286090252632257,0.450923324959814,0.0557026000488012,6.62082239852507,8.61835053290715,8.63389678758567,8.10303786709655,8.3823321788495,8.31253287410214,7.79874923762903,6.90949054848162,4.32803688562926,3.08642898101712,3.16929417013732
"47",0.00102316012674648,0.000999848471814796,0.000981607033172169,0.000993203421664249,0.00101177494009545,0.00100032239866744,0.00100019482947034,0.00100081904963293,0.00100045376525421,0.00100057820233133,0.00100314285873962,0.00100648827048689,0.00100993688734602,0.00100642496142239,0.00100033160895107,0.00100010991027747,0.00100008951607808,0.00100016558612372,0.00100012124079151,0.000999977097623101,0.000999908676845342,0.000998895820694242,0.000984115822172981,0.000990860709468535,0.00109549449094835,0.00107521066377407,0.000998564294499928,0.000961988205786138,0.000999525621013094,0.00110289737246336,0.0011378208858612,0.00102991774098442,0.00101997903003891,0.0010240254000587,0.00101181489360546,0.710204957773174,1.10027301002514,1.10028485918103,1.10026548563793,1.10028630411726,1.10024893646426,1.10024862169706,1.10026158659153,1.10022848085444,0.965994203257949,0.944296073020156,0.783510462065076,0.458730011356207,0.00570871731041007,0.083315899179668,0.380828677952455,0.000142250541047486,5.22252196169158,8.63982090365363,8.51775136653848,8.47759813111665,7.89464721041638,8.38111799585526,8.03529332451745,7.02029683013132,4.63529254352696,3.21747817170451,2.82916816873299,3.368568745597
"48",0.00102137951249466,0.00101074343649168,0.00100815757092906,0.00100470760159791,0.00100100041044717,0.00100049775462205,0.00100291360175909,0.00101101444744451,0.00101146348816589,0.00100479129072326,0.00102751775171773,0.000990973807460528,0.000975633422630273,0.000999748918351542,0.00101293154889535,0.00101287151959823,0.00102036440505724,0.00101285464990424,0.001010029428993,0.00100040231856571,0.000995858381320509,0.000988081425593928,0.000980530446279033,0.000986928659217879,0.000984147967294298,0.00105273755642838,0.00110261676929474,0.00113228054450436,0.000996149157750106,0.00110645859341992,0.000991089446422216,0.000983200258073615,0.000991092348376514,0.000991604140747979,0.000988144069139769,0.241175064801177,1.00012792006826,1.10035536176033,1.10036373465854,1.09098888027691,0.7549547768371,0.980316838277276,1.30137200736273,1.10292830098487,0.329771128966026,0.109271394980367,0.310410520721821,0.171997124386807,0.0337529885405822,0.282171077620208,0.000318159118022066,4.60926715271158,8.58354920337974,8.67922884036382,8.57934909697955,8.49694981723205,7.9293955652273,8.055094098316,7.29247820907684,5.4548042169629,2.91416280145222,2.34499066435136,2.6706153080621,3.53986997837373
"49",0.00105566710593057,0.00102598347897235,0.00100489627842411,0.00100535265445546,0.00101429343747736,0.00101979438653209,0.00103265456904208,0.00105275537167702,0.000992705071918181,0.000990182690486177,0.00107102848996438,0.00108035455633909,0.00108440102556225,0.00108029444469056,0.00106049353552367,0.000992446493237742,0.000990503072547044,0.000990247869086807,0.00102899208249032,0.00103103203752168,0.000998127659227024,0.00108889362683458,0.00113579774531021,0.00109002369902797,0.000998118226293582,0.00102513978495091,0.000996712223100264,0.000983687715473041,0.000991310587434703,0.000982780698859275,0.000987599964899504,0.00103624829608462,0.00108510614952176,0.00103949846192438,0.000986036083767752,0.476528379488127,1.06146964043151,1.10041456858872,1.10042746092753,1.10041130390653,1.29940311041919,1.59374021877274,1.21699195851728,0.99262182265151,0.359743998407766,0.100204495165801,0.0852552291672758,0.0350967501194278,0.314978518138335,0.151038580370022,4.79442790473213,8.68918548020234,8.7921709073006,8.72811944298846,8.58895955938917,8.47327624853199,7.90869561900536,7.39057128796063,7.22845174043208,3.98853904554372,1.97352167099488,2.23071396882588,3.47201015442714,3.32269126974715
"50",0.00100113684347418,0.00104242158157886,0.00108725200388073,0.00106737654412058,0.00100101066901346,0.0010045795938167,0.00103669289649614,0.000996927883440558,0.000991834589124636,0.00110573388184493,0.0010731811010077,0.000998013691504957,0.000982557226170782,0.000989966077880414,0.00099571477115101,0.000978519862458023,0.000991676576742771,0.00103145609655891,0.00106084316775289,0.00103837078756983,0.00104766341701204,0.00100352258673697,0.00101298027249277,0.00101454027813902,0.000996960620803391,0.000996880142859096,0.000987483669804947,0.000987940650546217,0.000999570664432465,0.00101545877806118,0.00101211402852758,0.00098956429514886,0.000994605726468716,0.00100682205091585,0.000980811428298475,0.741351624663798,1.10051067006335,1.1004926680753,1.10050066643286,1.10049365369574,1.10047367026914,1.10048081808405,1.10048308408848,1.10047366354516,0.338986017701707,0.106305838441611,0.0615278306536969,0.0704302402466243,0.31503340978506,0.000964073698489815,6.4820554611271,8.69974728068856,8.66946326959028,8.82214380990394,8.67824802191065,8.49518171979197,7.4943685261048,7.25346867138042,5.94769593841786,2.99847481892359,2.31221931951682,2.92785438551351,4.00641413860903,1.70022253507904
"51",0.000988608938704068,0.00100980336576027,0.00101027559292149,0.000994521380434305,0.000977575533672649,0.000984151127974751,0.000992874634367049,0.00099192735922422,0.0010445314682549,0.00104167688441357,0.000980320305508301,0.000983711343997162,0.000985725389366211,0.000983402880645306,0.000959121921572107,0.000976837661502382,0.000994272578790145,0.0010591835999294,0.00100808207338273,0.000992667712076343,0.00103701731786518,0.000986022484255501,0.000986500863557207,0.000997367202994961,0.000995794685792656,0.000999481457774878,0.000999723300286383,0.00100066977555469,0.00100008615783407,0.00101434797657023,0.00100844108762379,0.00102364364763725,0.00117347969443119,0.0010209588455213,0.365763105393983,1.10060667627696,1.10059518565913,1.1005615053737,1.10056728745737,1.17723424653161,1.10055251391809,1.10054766023382,1.10053407593886,1.10056199899255,0.581493345068505,0.100553198067254,0.107006767338017,0.269697395867133,0.24243484429116,3.27530775735517,8.16920764797742,8.80250905924347,8.85932130186107,8.82777582721163,8.60189675951082,8.17095914819173,7.36698399638069,6.94784426825945,3.8996383277866,2.91442987711516,2.87618147607452,3.81782388680189,3.44193853299783,0.000137055450444984
"52",0.000997882222184994,0.000999494859912695,0.000999345818238409,0.00100016339437128,0.000999967762466671,0.000993445242767083,0.000991363824247588,0.000990651317297104,0.000987008678923145,0.000992349821381389,0.000997837798148932,0.0010098787138035,0.0011013937104392,0.00113003294491557,0.00114465417397031,0.0011273505928664,0.0010144158479521,0.000982082998833981,0.000975632848704809,0.000971884693907716,0.000971002722440019,0.000967047107773592,0.000997892032593355,0.000984673223644274,0.000980631357609265,0.000987911284291049,0.000992020961771071,0.000987476180946212,0.000980408871742307,0.000994842763412653,0.00101303546335257,0.00532819911465882,0.42344864867026,0.388719528041792,0.925286443956003,1.10064678539051,1.10066671365987,1.10063183336065,1.2975769807804,1.43404376531435,1.26319038460693,1.13250990671513,1.10059665113005,1.10058281785819,1.02599979554313,0.482960607429304,0.0436367919229858,0.315274639150803,0.00506408555362702,6.33707323698294,8.28738744388353,8.90955327987413,8.94742548772948,8.87448296831512,8.60804729105071,8.22159154812168,7.07245877591121,4.45163365883515,3.07089409094561,2.82659974171637,2.86705402675517,3.63589050860473,2.2371788763487,0.191992596909255
"53",0.00108422747701668,0.00105539733934529,0.000991808452621495,0.00101016704024738,0.00106347781933784,0.00105296829574307,0.00105338418470016,0.00103527750569725,0.00103998384750254,0.00105002902633115,0.00107508712743915,0.00104809881813693,0.00100853757758227,0.000992133298268921,0.000981004714471297,0.00103775434731831,0.00110297390287335,0.00107009497867628,0.000990545240562778,0.000971306293346421,0.00105029561637737,0.00109001761728891,0.00106729573869895,0.000995457465116982,0.000981537278576495,0.000990115100602006,0.00100252332297847,0.000992686643081491,0.000995009782963854,0.000999965544014094,0.00101263207515073,0.471691242069508,1.1008479439774,1.10079203707539,1.10075450367933,1.10075266636691,1.1006978751604,1.22386241410501,1.52690611690959,1.3102068349333,1.10065154027449,1.100653100302,1.10062613727375,1.10065099902199,1.05788401589736,0.260612651966761,0.249702313725448,0.315378811069449,1.32631329362038,8.84491239975388,8.73764280367208,8.94483142797035,8.9052728812611,8.75255193241898,8.68053900837054,7.66997712585281,5.48175842460124,3.64610731689951,3.12252175383883,3.05995995333025,3.20902973601536,3.4087129614944,0.00578699772196126,0.25674381202449
"54",0.00101414325297811,0.00103476326672639,0.0010290457185463,0.000998629806945776,0.00100159785642243,0.00100203313263772,0.000996260285745454,0.00102245624788649,0.000997879307882018,0.00101446387000093,0.0010199911428276,0.000987562171372794,0.000973661506574749,0.00099183180942192,0.00102000647821071,0.00107663899737279,0.0010000951860377,0.000989929598638138,0.00099825278982014,0.000965239753311303,0.000997180347941864,0.00108022727866381,0.00108562239139231,0.0010387645391184,0.000982453659666675,0.000953795128837387,0.00096907705439684,0.000976672185850621,0.000987405222789801,0.000990970878846596,0.21502472427798,0.955049566853346,1.10084027748317,1.10081178776274,1.10080091747319,1.10078828319924,1.10075654584057,1.10072620071623,1.10145935007663,1.10124916436128,1.10069553956431,1.1006820584152,1.10069000113218,1.10067588717671,0.889083435424955,0.141980262900878,0.301165109982433,0.0653622152339614,6.81001679047178,9.05126033423333,8.28698844052585,8.87446528962179,8.78274761745552,8.82552843308591,8.33610497381487,6.84198437337939,4.49942692648368,3.101466884196,2.64509575478196,3.16526765972288,3.27626875948507,3.51088762854176,0.0302518022811221,0.00601948037769923
"55",0.000999961803248271,0.00099245617361749,0.000987654949270371,0.000999155477106756,0.000999636625062026,0.00100159173207263,0.00100715839241909,0.00102791105479988,0.00103849843996039,0.0010175018815042,0.000996178007928411,0.00098661652826631,0.000964348216081471,0.00101314351071472,0.0010279504434475,0.000995540228793924,0.000962717878647881,0.00107380241783815,0.00107624316573387,0.000987151584486608,0.00108427800642371,0.00107275908794057,0.000994010898318903,0.000968055975315947,0.000967754272179537,0.000998015983451081,0.00105492288926594,0.000997673020012129,0.000962884068080592,0.00099688572467392,0.695786277885717,1.10090439829991,1.10087347973322,1.10089073168799,1.10086939981141,1.10083449745558,1.10082882034117,1.1008041842655,1.11082785680422,1.10714447954325,1.10075339679668,1.10072955219204,1.10071509063614,1.10069723071805,0.180528607125662,0.189713965718687,0.315582613898308,0.00116458350024801,7.91112416381534,9.12317539898773,8.94954058391448,8.82869044899258,8.87014160848868,8.94229923913652,7.94288840749616,5.61337619999649,3.15350174675786,2.61044555744563,2.92180763337146,3.50177344836786,3.90112215510806,1.52832304758614,0.0952732867738354,0.000941073621582535
"56",0.00099785845131966,0.000990562408670927,0.000990998104762774,0.000984214539748082,0.000981149081669259,0.000992129470847623,0.00103595250976294,0.000999961131356297,0.00098572064393762,0.00101341459774892,0.000961314483958894,0.000975383747496628,0.000993765448825011,0.000998375111827189,0.00109273068975946,0.000994564013668457,0.00100487351457815,0.00106513623498307,0.00108758250219481,0.000999783846611048,0.000969394564123242,0.00096105523828537,0.000971001315274485,0.000990308383940543,0.000997349591737442,0.000999923653487104,0.00100867527777153,0.000995821770497257,0.00532323345472959,0.429990330904935,1.10094120781718,1.10095578431928,1.10094739179534,1.10092236261773,1.10090850093453,1.40279431816013,1.34175014275629,1.10088076687214,1.10084593447243,1.10083944610324,1.10082205168411,1.10079510782637,0.812340510131199,1.05634428632048,0.33881314508195,0.315643614943579,0.259694114613555,4.3010532954368,7.62997391510659,9.19922859821283,8.85114844171605,8.69406693704155,8.7849982308059,8.55747524594458,7.08985521650028,4.31402272579432,2.46451525345148,2.53325829455476,3.19331034062958,3.90367488877343,3.9755997616902,0.000314228085251509,0.11529329772397,0.0438448031933584
"57",0.000985722285939522,0.00100289550010495,0.00101885925484593,0.000986815084298232,0.000989618833551277,0.00101437755759861,0.000992432058658768,0.000990532998862437,0.000984643589879405,0.000992033671117793,0.00107334872362578,0.00107939021561217,0.00102017255818393,0.000981042531007109,0.000970454051027998,0.000978690969678598,0.001011443840473,0.000968637188691905,0.000963593128121778,0.000988326907650091,0.000987363675359641,0.000997294572604715,0.000983285381203135,0.00099441225729016,0.00100021985374588,0.000999810814411486,0.00100166940647931,0.00108209109895334,0.0329404082147285,0.614816445991359,1.10102771264274,1.10101592778517,1.10101390438288,1.22146512721957,1.19403516275292,1.148845428548,1.08420272577742,1.10088887412623,1.10094823059318,1.10087788645921,1.10087415006439,1.00911448463598,0.682443641666496,0.269740455085867,0.164060914244998,0.228763461951263,0.0173391076036867,7.44137511508542,7.42759058346773,9.29981033862586,8.74089511561559,8.63504500758798,8.71032813022693,8.11249746403365,5.54523285316873,3.2137485046049,2.3314939273111,2.51506227935891,3.23986034359663,3.53549448450729,3.52181495227702,0.0211419624002873,0.125399587069868,0.0536663757166731
"58",0.000993646096130508,0.0009802725585686,0.0010358550577895,0.00100716691931895,0.00100195025253021,0.00102591872201873,0.00100585006660606,0.000996195208683091,0.000995990326377656,0.000985498493554813,0.000983242895947792,0.00107183081989432,0.0010993838777558,0.000998486257496625,0.00102563837743329,0.00107759935247236,0.00105596772338222,0.00101524284698408,0.0010273812259545,0.00100138674515081,0.000982353878136384,0.000997417768677471,0.00104032694900541,0.000996993709970599,0.00103932515789129,0.00102556758662404,0.00100015189732733,0.00100050888329099,0.0867438129216646,0.500737642967331,1.10415521910262,1.13781911556752,1.12315704588718,1.11792963089644,1.11333379053933,0.924031680747936,0.619440316657915,1.10097518324186,1.10096912536532,1.10099126283896,1.1009519843846,1.10093882442632,0.793267732880737,0.0865525346388375,0.000902589672246424,0.213279869863658,0.00705860434426967,7.33716184058929,7.81917684302806,9.31718505048789,8.70417553972796,8.64032019874566,8.6299942909963,7.17152457756473,4.36820846440243,2.81545300750645,2.51092059239407,2.56752885917678,3.24649288618525,3.79469012334641,2.07704352091085,0.109820238830709,0.13007347528328,0.0984961884353624
"59",0.00099442942501485,0.000989779666189853,0.00100176495111233,0.00103240875306396,0.000986426075594296,0.0010070223801725,0.00104897006061611,0.00100368049198915,0.000999994342315318,0.000998377069033841,0.000993244117078728,0.000981158286564847,0.000962678057390052,0.000971048038219923,0.000990523965817533,0.000998649159615128,0.000999266565482878,0.0010021926865777,0.00101181349255622,0.00110132832626762,0.00112387111452377,0.00101937952859022,0.00101114990774959,0.000996168550523829,0.000996295054937999,0.00100519057256763,0.00104463571877641,0.134090986454421,0.403687138293108,0.993761031152163,1.17283116497035,1.20355450470556,1.10547406185391,1.10117458228578,1.10116989075054,1.10095018031802,1.10117254286301,1.10109060603347,1.10103247473795,1.10101508446729,1.10089926690482,1.10100902192761,0.234619668072653,0.014484721651971,0.000864581321031648,0.224692736050759,4.28566900586355,6.93509368791399,8.16152488883085,9.38518214950345,8.7366259718265,8.61531941618244,8.55889288076758,5.75256726895844,3.68861244203171,3.09158726968686,2.71202828622235,2.59009439816975,3.46205350318924,3.53917005457788,0.000228510634908797,0.150412813387662,0.0490678945785304,0.000995090679593413
"60",0.000994355961431452,0.000973544447219556,0.000990059002722731,0.00101156052614057,0.00101091490346947,0.000978775881852934,0.000990519690400201,0.00101155286686697,0.00100018453563353,0.000999887006909778,0.000999089368404275,0.000990092919611119,0.000984966031048298,0.000993645490536074,0.000983939684865868,0.000994439780763034,0.00107965242500462,0.00107220212581629,0.00100433663364519,0.00098467464679669,0.000995828540190127,0.00098878724948741,0.000990381822179867,0.000996170185147322,0.00100439774168373,0.00100343140910704,0.039053331804898,0.164101751200922,0.748922537487723,1.14963796515534,1.18457923061366,1.32412676193821,0.87631905605049,0.807412423924546,0.73104264317174,1.07241942072754,1.10110896270483,1.10103049815901,1.10122063650876,0.765059097554384,0.981803259958754,0.724071991181376,0.11051062040358,0.0567036025869634,0.00130020683184469,0.000770043787527469,6.70648083124364,6.83223602325262,8.66079258860242,9.41164299171164,8.67863591112816,8.62968006398268,8.2898098619575,4.95808275476665,3.52695395169604,3.23393760429525,2.72917497870411,2.70664702405484,3.45741821954839,3.48198877182112,0.00472739228375168,0.0358857695058809,0.00090976101638135,0.00090983277317445
"61",0.000988141289327597,0.000997677007565885,0.00104854580383551,0.00100053313698464,0.000998400765689822,0.00105111222148423,0.00106154452677651,0.00101838494955732,0.000995968902898217,0.00098979201100058,0.000992800289598632,0.000964010864789626,0.000976518475741438,0.000998106068996828,0.00101468198951204,0.00108887200333407,0.00100841956883812,0.000996180546472376,0.00104146357063663,0.00101149029404923,0.000967889632783565,0.000977735189273912,0.000994199313670224,0.000998969856704582,0.000999649465026064,0.039843572937253,0.0926730560936608,0.348844141525016,0.954976445599939,1.40381638556002,1.28999805538336,1.05648631615544,0.967612096097482,0.833539021517907,0.271304730464181,0.563991456824192,0.349616588561792,0.538688452093371,1.10130622498037,1.10138058922577,0.951238805558257,0.111294087561105,0.0646075794869672,0.000998564308670992,0.00107581786299917,1.88958813426102,6.16387709923212,6.86008974788617,8.89431664765845,9.44896004965878,8.8222982045526,8.75785533992762,8.87380004021633,5.68403120344968,3.75054987677744,3.33769129486967,2.9733905989745,3.06727968854455,3.41782617685645,2.57942875245918,0.211031951129417,0.00098193178856369,0.000968661630290993,0.000977616670882749
"62",0.00105203142584021,0.00107553607984742,0.000969862961319093,0.00101624696550306,0.000981765011598959,0.000995136156969973,0.00105208942407948,0.00101366528492358,0.000987848577279431,0.00100911710647673,0.00106308354424351,0.00100834410604942,0.0010298406979989,0.00108209002286322,0.00105858817945685,0.00102005788500072,0.0010290449712256,0.00114395352827604,0.00113663592485525,0.00105725457352585,0.00099558261052799,0.000998190617079335,0.000999168160089794,0.00100270467764215,0.0114717173300296,0.098537601249622,0.0238558413569232,0.262943804712885,1.07269143116996,1.69810373234666,1.21505276257208,1.09879193453104,1.10162562740978,1.10162992456249,1.08167792630761,1.101551961362,1.10172954951473,1.10154895450195,1.10130823414487,1.10157322623848,0.72462085517436,0.109929063433608,0.000964159102975664,0.000824361915798621,0.0011012853863368,4.16663009589031,5.79419203319358,6.49523794252233,9.30911337815094,9.38146000640424,8.7598851487125,8.78962396028402,9.10662518493934,5.92579120169269,3.73318279001628,3.35393310227926,2.97219241688002,3.27267349709568,3.45154190978964,0.996232007169443,0.248016333138807,0.00139469448215579,0.000989354295729867,0.00101458175952753
"63",0.00100970827132489,0.00102751513801067,0.00103348754034969,0.00100146108649869,0.000987995970722993,0.000997360533540332,0.00103730970178975,0.00102632735505358,0.000987502622282387,0.000984635907721208,0.00106443221539192,0.000995826311993494,0.000980667904897698,0.000973401063786618,0.000994975737023523,0.000999947997710584,0.00105804848989063,0.00109922794854136,0.000965856067317355,0.000983920250355161,0.000992952968537472,0.00100298856932379,0.00101789977582516,0.0201523002493096,0.0558646976993581,0.0990962965822049,0.158373279917042,0.400739435564854,0.890335999677421,1.04839535847018,1.10186149768147,1.10194870333262,1.10192054165467,1.10186807118075,1.10186584223954,1.10185859723967,1.10172759115185,1.10174504473545,1.10173116568032,0.652020883016776,0.156781833356796,0.0822212770723394,0.0459721050911791,0.167156118616668,0.0109607308688587,5.56805022007855,5.35813917564717,6.42740119640506,9.48633557366513,9.53648688313718,8.81438292165214,8.89343117790389,9.20778648794568,5.74261952258499,3.70233908474278,3.26038121330171,2.94290471108144,3.19444412827266,3.60266749509666,0.00104940212199107,0.0650389381157411,0.0513801922837757,0.0271046854067579,0.25941740463755
"64",0.000995117984843823,0.00106181432022111,0.00101053844386274,0.000997527467133581,0.000987182482148919,0.000986544657627734,0.00107273415209065,0.00103680079990455,0.000991484329498031,0.000984168947464045,0.00100042826653174,0.00105103277810544,0.000988574755365603,0.000972172429576008,0.000981082084251677,0.000996546584907035,0.000992351741771109,0.00101285799902554,0.00099873538161111,0.00106615206142928,0.00102604663071615,0.0010050399694069,0.00100786330437259,0.0109273682125882,0.0864565094506667,0.101906761905589,0.10220536878448,0.499357894281173,1.06053472303398,1.10027867672005,1.10093912949053,1.1019595610013,0.99793306867313,0.969921436808982,1.02569805309768,1.10181915958311,1.10186984808659,1.1017022074461,0.602111118528542,0.213965654939183,0.100766201974313,0.000927296889372253,0.000849568385815298,0.186210898829966,0.00156495909901131,4.74279272699,5.31321203112891,6.92891978245661,9.49937773265738,9.50490238572391,8.86461108229813,8.95739996806081,9.28543585076383,6.12277201738119,3.71458417612612,3.22224705645137,3.0332448007235,3.40559017301874,3.58999433322249,0.138758143868196,0.388201363180569,0.333845689510771,0.338811006597092,0.757626494847864
